{
    "6->5":{
        "0":{
            "name": "lora_stf",
            "description": "Inference (ans)",
            "results": {
                "psnr": [
                    37.48021537462396
                ],
                "ms-ssim": [
                    0.9896571238835653
                ],
                "bpp": [
                    0.8722805447048612
                ],
                "encoding_time": [
                    0.3893402616182963
                ],
                "decoding_time": [
                    0.6094682117303213
                ]
            }
        }
    },
    "6->3":{
        "0":{
            "name": "lora_stf",
            "description": "Inference (ans)",
            "results": {
                "psnr": [
                    36.73615933669682
                ],
                "ms-ssim": [
                    0.9881298343340555
                ],
                "bpp": [
                    0.7976752387152778
                ],
                "encoding_time": [
                    0.48534366488456726
                ],
                "decoding_time": [
                    0.6227836608886719
                ]
            }
        }
    },
    "6->2":{
        "0":{
            "name": "lora_stf",
            "description": "Inference (ans)",
            "results": {
                "psnr": [
                    36.72134199652101
                ],
                "ms-ssim": [
                    0.988144131998221
                ],
                "bpp": [
                    0.8034328884548612
                ],
                "encoding_time": [
                    0.4011123776435852
                ],
                "decoding_time": [
                    0.6335388620694479
                ]
            }
        }
    }
}